{
    "Humidity3pm": {
        "train_mean": 51.533005978595426,
        "requests_mean": 48.15406698564593,
        "difference": 3.378938992949493,
        "drift_detected": false
    },
    "MaxTemp": {
        "train_mean": 23.22856651185977,
        "requests_mean": 25.138755980861244,
        "difference": 1.9101894690014731,
        "drift_detected": false
    },
    "Humidity9am": {
        "train_mean": 68.8462201656873,
        "requests_mean": 66.83062200956937,
        "difference": 2.0155981561179317,
        "drift_detected": false
    },
    "WindSpeed9am": {
        "train_mean": 13.990146379530001,
        "requests_mean": 15.684688995215312,
        "difference": 1.694542615685311,
        "drift_detected": true
    },
    "Temp3pm": {
        "train_mean": 21.687036171534697,
        "requests_mean": 22.36842105263158,
        "difference": 0.6813848810968821,
        "drift_detected": false
    }
}