{
    "accuracy_no_drift": 0.8184886951017968,
    "accuracy_with_drift": 0.8448257674320475
}